airmass,zenith_seeing,delivered_seeing
1.3,0.95,1.1119612
1.3,1.0,1.1704854
1.3,1.1,1.2875340
1.3,1.2,1.4045825
